Website,lat,lng,VS_code,Spyder,soffice,jnotebook,Ip,Time,Previous Website 1,Previous Website 2,Previous Website 3,Previous Website 4,Previous Website 5,Previous Website 6,Previous Website 7,Previous Website 8,Previous Website 9,Previous Website 10,PW1 Time,PW2 Time,PW3 Time,PW4 Time,PW5 Time,PW6 Time,PW7 Time,PW8 Time,PW9 Time,PW10 Time
https://www.w3schools.com,35.8423,-90.7043,1,0,0,0,192.168.0.17,23:06:55,https://www.google.com,https://www.google.com,http://www.asciitable.com,https://www.google.com,https://www.google.com,https://www.google.com,https://www.coursera.org,https://www.coursera.org,https://www.coursera.org,https://www.coursera.org,23:06:53,23:02:24,23:01:59,23:01:58,23:01:57,23:01:25,22:39:40,22:32:28,22:32:08,22:18:18
https://www.google.com,35.8423,-90.7043,0,0,0,0,192.168.0.17,09:39:49 ,https://www.google.com,https://www.google.com,https://www.w3schools.com,https://www.google.com,https://www.google.com,http://www.asciitable.com,https://www.google.com,https://www.google.com,https://www.google.com,https://www.coursera.org,09:39:49 ,09:39:45 ,23:06:55,23:06:53,23:02:24,23:01:59,23:01:58,23:01:57,23:01:25,22:39:40
https://repl.it,35.8423,-90.7043,0,0,0,0,192.168.0.17,09:44:38 ,https://repl.it,https://repl.it,https://repl.it,https://www.google.com,http://www.allreadable.com,https://www.google.com,https://www.facebook.com,https://www.facebook.com,https://www.google.com,https://www.google.com,09:44:34 ,09:44:27 ,09:44:27 ,09:43:53 ,09:43:11 ,09:43:03 ,09:39:59 ,09:39:58 ,09:39:49 ,09:39:49 
https://elis-blog.erichmond33.repl.co,35.8423,-90.7043,0,0,0,0,192.168.0.17,09:49:12 ,https://www.youtube.com,https://www.google.com,https://www.google.com,https://www.google.com,https://www.cbsnews.com,https://www.google.com,https://www.google.com,https://www.google.com,https://elis-blog.erichmond33.repl.co,https://repl.it,09:46:59 ,09:46:52 ,09:46:51 ,09:46:42 ,09:46:39 ,09:46:37 ,09:46:36 ,09:46:34 ,09:45:03 ,09:44:38 
https://www.youtube.com,35.8423,-90.7043,0,0,0,0,192.168.0.17,09:54:03 ,https://www.youtube.com,https://www.youtube.com,https://www.youtube.com,https://www.youtube.com,https://www.youtube.com,https://www.youtube.com,https://www.youtube.com,https://elis-blog.erichmond33.repl.co,https://elis-blog.erichmond33.repl.co,https://www.youtube.com,09:53:33 ,09:52:40 ,09:51:55 ,09:51:19 ,09:51:07 ,09:51:07 ,09:51:07 ,09:50:23 ,09:49:12 ,09:46:59 
https://www.google.com,35.8423,-90.7043,0,0,0,0,192.168.0.17,09:59:25 ,https://www.youtube.com,https://www.youtube.com,https://www.youtube.com,https://www.youtube.com,https://www.youtube.com,https://www.youtube.com,https://www.youtube.com,https://www.youtube.com,https://www.youtube.com,https://www.youtube.com,09:57:37 ,09:57:34 ,09:54:57 ,09:54:03 ,09:53:33 ,09:52:40 ,09:51:55 ,09:51:19 ,09:51:07 ,09:51:07 
https://repl.it,35.8423,-90.7043,0,0,0,0,10.24.7.251,10:23:02 ,https://repl.it,https://repl.it,https://repl.it,https://repl.it,https://repl.it,https://repl.it,https://www.google.com,https://www.youtube.com,https://www.youtube.com,https://www.youtube.com,10:22:59 ,10:22:59 ,10:22:58 ,10:22:58 ,10:22:50 ,10:22:34 ,09:59:25 ,09:57:37 ,09:57:34 ,09:54:57 
https://slightimperfectservers.erichmond33.repl.co,35.8423,-90.7043,0,0,0,0,10.24.7.251,10:31:24 ,https://slightimperfectservers.erichmond33.repl.co,https://slightimperfectservers.erichmond33.repl.co,https://repl.it,https://repl.it,https://slightimperfectservers.erichmond33.repl.co,https://repl.it,https://repl.it,https://repl.it,https://repl.it,https://repl.it,10:31:20 ,10:30:01 ,10:26:19 ,10:26:19 ,10:26:00 ,10:23:02 ,10:22:59 ,10:22:59 ,10:22:58 ,10:22:58 
https://repl.it,35.8423,-90.7043,0,0,0,0,10.24.7.251,10:33:54 ,https://repl.it,https://slightimperfectservers.erichmond33.repl.co,https://slightimperfectservers.erichmond33.repl.co,https://slightimperfectservers.erichmond33.repl.co,https://repl.it,https://repl.it,https://repl.it,https://repl.it,https://slightimperfectservers.erichmond33.repl.co,https://slightimperfectservers.erichmond33.repl.co,10:33:54 ,10:33:37 ,10:33:20 ,10:32:41 ,10:32:30 ,10:32:30 ,10:32:24 ,10:32:24 ,10:32:08 ,10:31:24 
https://www.w3schools.com,35.8423,-90.7043,0,0,0,0,10.24.7.251,10:38:52 ,https://www.google.com,https://repl.it,https://repl.it,https://slightimperfectservers.erichmond33.repl.co,https://repl.it,https://repl.it,https://slightimperfectservers.erichmond33.repl.co,https://repl.it,https://repl.it,https://slightimperfectservers.erichmond33.repl.co,10:38:48 ,10:38:41 ,10:38:41 ,10:37:35 ,10:36:40 ,10:36:40 ,10:36:33 ,10:36:19 ,10:36:19 ,10:36:15 
https://developer.mozilla.org,35.8423,-90.7043,0,0,0,0,10.24.7.251,10:41:25 ,https://developer.mozilla.org,https://www.google.com,https://slightimperfectservers.erichmond33.repl.co,https://www.w3schools.com,https://www.w3schools.com,https://www.w3schools.com,https://www.w3schools.com,https://www.w3schools.com,https://www.google.com,https://repl.it,10:41:25 ,10:41:14 ,10:41:09 ,10:39:51 ,10:39:41 ,10:39:39 ,10:39:30 ,10:38:52 ,10:38:48 ,10:38:41 
https://repl.it,35.8423,-90.7043,0,0,0,0,10.24.7.251,10:43:59 ,https://repl.it,https://slightimperfectservers.erichmond33.repl.co,https://repl.it,https://repl.it,https://developer.mozilla.org,https://developer.mozilla.org,https://www.google.com,https://slightimperfectservers.erichmond33.repl.co,https://www.w3schools.com,https://www.w3schools.com,10:43:59 ,10:42:20 ,10:42:07 ,10:42:07 ,10:41:25 ,10:41:25 ,10:41:14 ,10:41:09 ,10:39:51 ,10:39:41 
https://slightimperfectservers.erichmond33.repl.co,35.8423,-90.7043,0,0,0,0,10.24.7.251,10:49:02 ,https://slightimperfectservers.erichmond33.repl.co,https://www.w3docs.com,https://www.w3docs.com,https://www.google.com,https://slightimperfectservers.erichmond33.repl.co,https://slightimperfectservers.erichmond33.repl.co,https://repl.it,https://repl.it,https://repl.it,https://repl.it,10:48:37 ,10:47:24 ,10:47:23 ,10:47:12 ,10:47:02 ,10:46:54 ,10:46:42 ,10:46:42 ,10:46:05 ,10:46:05 
https://repl.it,35.8423,-90.7043,0,0,0,0,10.24.7.251,10:50:34 ,https://repl.it,https://repl.it,https://repl.it,https://slightimperfectservers.erichmond33.repl.co,https://slightimperfectservers.erichmond33.repl.co,https://slightimperfectservers.erichmond33.repl.co,https://slightimperfectservers.erichmond33.repl.co,https://slightimperfectservers.erichmond33.repl.co,https://slightimperfectservers.erichmond33.repl.co,https://www.w3docs.com,10:50:34 ,10:50:12 ,10:50:12 ,10:49:59 ,10:49:40 ,10:49:30 ,10:49:25 ,10:49:02 ,10:48:37 ,10:47:24 
https://slightimperfectservers.erichmond33.repl.co,35.8423,-90.7043,0,0,0,0,10.24.7.251,10:54:10 ,https://slightimperfectservers.erichmond33.repl.co,https://slightimperfectservers.erichmond33.repl.co,https://slightimperfectservers.erichmond33.repl.co,https://slightimperfectservers.erichmond33.repl.co,https://repl.it,https://repl.it,https://repl.it,https://repl.it,https://slightimperfectservers.erichmond33.repl.co,https://slightimperfectservers.erichmond33.repl.co,10:53:06 ,10:52:56 ,10:52:36 ,10:52:17 ,10:50:34 ,10:50:34 ,10:50:12 ,10:50:12 ,10:49:59 ,10:49:40 
https://repl.it,35.8423,-90.7043,0,0,0,0,10.24.7.251,11:03:09 ,https://repl.it,https://repl.it,https://repl.it,https://slightimperfectservers.erichmond33.repl.co,https://slightimperfectservers.erichmond33.repl.co,https://slightimperfectservers.erichmond33.repl.co,https://slightimperfectservers.erichmond33.repl.co,https://slightimperfectservers.erichmond33.repl.co,https://slightimperfectservers.erichmond33.repl.co,https://slightimperfectservers.erichmond33.repl.co,11:03:09 ,11:02:48 ,11:02:48 ,11:02:34 ,11:02:05 ,11:01:18 ,10:58:59 ,10:58:31 ,10:58:23 ,10:58:00 
https://slightimperfectservers.erichmond33.repl.co,35.8423,-90.7043,0,0,0,0,10.24.7.251,11:09:16 ,https://repl.it,https://repl.it,https://repl.it,https://repl.it,https://repl.it,https://repl.it,https://slightimperfectservers.erichmond33.repl.co,https://slightimperfectservers.erichmond33.repl.co,https://slightimperfectservers.erichmond33.repl.co,https://slightimperfectservers.erichmond33.repl.co,11:09:13 ,11:09:13 ,11:09:01 ,11:09:01 ,11:08:59 ,11:08:59 ,11:08:31 ,11:08:00 ,11:07:48 ,11:07:38 
https://repl.it,35.8423,-90.7043,0,0,0,0,10.24.7.251,11:14:07 ,https://repl.it,https://slightimperfectservers.erichmond33.repl.co,https://slightimperfectservers.erichmond33.repl.co,https://repl.it,https://repl.it,https://repl.it,https://repl.it,https://repl.it,https://repl.it,https://www.w3schools.com,11:14:07 ,11:13:40 ,11:13:25 ,11:13:18 ,11:13:18 ,11:13:11 ,11:13:11 ,11:12:58 ,11:12:58 ,11:12:25 
https://slightimperfectservers.erichmond33.repl.co,35.8423,-90.7043,0,0,0,0,10.24.7.251,11:14:18 ,https://repl.it,https://repl.it,https://slightimperfectservers.erichmond33.repl.co,https://slightimperfectservers.erichmond33.repl.co,https://repl.it,https://repl.it,https://repl.it,https://repl.it,https://repl.it,https://repl.it,11:14:07 ,11:14:07 ,11:13:40 ,11:13:25 ,11:13:18 ,11:13:18 ,11:13:11 ,11:13:11 ,11:12:58 ,11:12:58 
https://repl.it,35.8423,-90.7043,0,0,0,0,10.24.7.251,12:01:26 ,https://repl.it,https://slightimperfectservers.erichmond33.repl.co,https://repl.it,https://repl.it,https://slightimperfectservers.erichmond33.repl.co,https://slightimperfectservers.erichmond33.repl.co,https://repl.it,https://repl.it,https://repl.it,https://repl.it,12:01:26 ,11:14:18 ,11:14:07 ,11:14:07 ,11:13:40 ,11:13:25 ,11:13:18 ,11:13:18 ,11:13:11 ,11:13:11 
https://slightimperfectservers.erichmond33.repl.co,35.8423,-90.7043,0,0,0,0,10.24.7.251,12:21:38 ,https://slightimperfectservers.erichmond33.repl.co,https://repl.it,https://repl.it,https://repl.it,https://repl.it,https://repl.it,https://repl.it,https://slightimperfectservers.erichmond33.repl.co,https://repl.it,https://repl.it,12:21:33 ,12:20:53 ,12:20:53 ,12:19:53 ,12:19:53 ,12:19:12 ,12:19:12 ,12:18:45 ,12:18:07 ,12:18:07 
https://repl.it,35.8423,-90.7043,0,0,0,0,10.24.7.251,12:23:08 ,https://repl.it,https://repl.it,https://repl.it,https://slightimperfectservers.erichmond33.repl.co,https://repl.it,https://repl.it,https://repl.it,https://repl.it,https://slightimperfectservers.erichmond33.repl.co,https://slightimperfectservers.erichmond33.repl.co,12:23:08 ,12:22:55 ,12:22:55 ,12:22:43 ,12:22:31 ,12:22:31 ,12:22:28 ,12:22:28 ,12:22:17 ,12:21:57 
https://slightimperfectservers.erichmond33.repl.co,35.8423,-90.7043,0,0,0,0,10.24.7.251,12:24:43 ,https://repl.it,https://repl.it,https://slightimperfectservers.erichmond33.repl.co,https://repl.it,https://repl.it,https://repl.it,https://repl.it,https://slightimperfectservers.erichmond33.repl.co,https://repl.it,https://repl.it,12:24:34 ,12:24:34 ,12:24:17 ,12:23:08 ,12:23:08 ,12:22:55 ,12:22:55 ,12:22:43 ,12:22:31 ,12:22:31 
https://repl.it,35.8423,-90.7043,0,0,0,0,10.24.7.251,12:26:03 ,https://repl.it,https://slightimperfectservers.erichmond33.repl.co,https://repl.it,https://repl.it,https://slightimperfectservers.erichmond33.repl.co,https://repl.it,https://repl.it,https://repl.it,https://repl.it,https://slightimperfectservers.erichmond33.repl.co,12:26:03 ,12:24:43 ,12:24:34 ,12:24:34 ,12:24:17 ,12:23:08 ,12:23:08 ,12:22:55 ,12:22:55 ,12:22:43 
https://slightimperfectservers.erichmond33.repl.co,35.8423,-90.7043,0,0,0,0,192.168.0.17,16:10:54,https://repl.it,https://repl.it,https://repl.it,https://slightimperfectservers.erichmond33.repl.co,https://repl.it,https://repl.it,https://slightimperfectservers.erichmond33.repl.co,https://repl.it,https://repl.it,https://repl.it,16:09:18,12:29:47 ,12:29:47 ,12:29:39 ,12:29:33 ,12:29:33 ,12:29:28 ,12:28:55 ,12:28:55 ,12:28:39 
https://repl.it,35.8423,-90.7043,0,0,0,0,192.168.0.17,16:11:43,https://slightimperfectservers.erichmond33.repl.co,https://slightimperfectservers.erichmond33.repl.co,https://slightimperfectservers.erichmond33.repl.co,https://slightimperfectservers.erichmond33.repl.co,https://repl.it,https://repl.it,https://repl.it,https://slightimperfectservers.erichmond33.repl.co,https://repl.it,https://repl.it,16:11:33,16:11:31,16:11:19,16:10:54,16:09:18,12:29:47 ,12:29:47 ,12:29:39 ,12:29:33 ,12:29:33 
https://elis-blog.erichmond33.repl.co,35.8423,-90.7043,0,0,0,0,192.168.0.17,16:39:05,https://repl.it,https://repl.it,https://repl.it,https://repl.it,https://repl.it,https://repl.it,https://repl.it,https://repl.it,https://repl.it,https://repl.it,16:39:02,16:38:57,16:37:09,16:37:07,16:15:57,16:15:50,16:14:51,16:14:47,16:14:34,16:14:24
https://repl.it,35.8423,-90.7043,0,0,0,0,192.168.0.17,16:39:42,https://repl.it,https://elis-blog.erichmond33.repl.co,https://repl.it,https://repl.it,https://repl.it,https://repl.it,https://repl.it,https://repl.it,https://repl.it,https://repl.it,16:39:38,16:39:05,16:39:02,16:38:57,16:37:09,16:37:07,16:15:57,16:15:50,16:14:51,16:14:47
https://elis-blog.erichmond33.repl.co,35.8423,-90.7043,0,0,0,0,192.168.0.17,16:44:43,https://repl.it,https://repl.it,https://elis-blog.erichmond33.repl.co,https://repl.it,https://elis-blog.erichmond33.repl.co,https://elis-blog.erichmond33.repl.co,https://repl.it,https://repl.it,https://repl.it,https://elis-blog.erichmond33.repl.co,16:43:45,16:43:36,16:43:15,16:42:00,16:41:57,16:41:48,16:41:36,16:40:40,16:40:38,16:40:08
https://slightimperfectservers.erichmond33.repl.co,35.8423,-90.7043,0,0,0,0,192.168.0.17,16:48:45,https://slightimperfectservers.erichmond33.repl.co,https://elis-blog.erichmond33.repl.co,https://elis-blog.erichmond33.repl.co,https://elis-blog.erichmond33.repl.co,https://repl.it,https://repl.it,https://elis-blog.erichmond33.repl.co,https://repl.it,https://elis-blog.erichmond33.repl.co,https://elis-blog.erichmond33.repl.co,16:48:42,16:46:13,16:44:56,16:44:43,16:43:45,16:43:36,16:43:15,16:42:00,16:41:57,16:41:48
https://elis-blog.erichmond33.repl.co,35.8423,-90.7043,0,0,0,0,192.168.0.17,16:50:41,https://slightimperfectservers.erichmond33.repl.co,https://slightimperfectservers.erichmond33.repl.co,https://slightimperfectservers.erichmond33.repl.co,https://slightimperfectservers.erichmond33.repl.co,https://slightimperfectservers.erichmond33.repl.co,https://elis-blog.erichmond33.repl.co,https://elis-blog.erichmond33.repl.co,https://elis-blog.erichmond33.repl.co,https://repl.it,https://repl.it,16:50:38,16:50:03,16:49:55,16:48:45,16:48:42,16:46:13,16:44:56,16:44:43,16:43:45,16:43:36
https://slightimperfectservers.erichmond33.repl.co,35.8423,-90.7043,0,0,0,0,192.168.0.17,16:51:13,https://repl.it,https://repl.it,https://slightimperfectservers.erichmond33.repl.co,https://elis-blog.erichmond33.repl.co,https://slightimperfectservers.erichmond33.repl.co,https://slightimperfectservers.erichmond33.repl.co,https://slightimperfectservers.erichmond33.repl.co,https://slightimperfectservers.erichmond33.repl.co,https://slightimperfectservers.erichmond33.repl.co,https://elis-blog.erichmond33.repl.co,16:51:11,16:51:08,16:51:05,16:50:41,16:50:38,16:50:03,16:49:55,16:48:45,16:48:42,16:46:13
https://repl.it,35.8423,-90.7043,0,0,0,0,192.168.0.17,16:51:29,https://slightimperfectservers.erichmond33.repl.co,https://repl.it,https://repl.it,https://slightimperfectservers.erichmond33.repl.co,https://elis-blog.erichmond33.repl.co,https://slightimperfectservers.erichmond33.repl.co,https://slightimperfectservers.erichmond33.repl.co,https://slightimperfectservers.erichmond33.repl.co,https://slightimperfectservers.erichmond33.repl.co,https://slightimperfectservers.erichmond33.repl.co,16:51:13,16:51:11,16:51:08,16:51:05,16:50:41,16:50:38,16:50:03,16:49:55,16:48:45,16:48:42
https://slightimperfectservers.erichmond33.repl.co,35.8423,-90.7043,0,0,0,0,192.168.0.17,16:53:56,https://slightimperfectservers.erichmond33.repl.co,https://slightimperfectservers.erichmond33.repl.co,https://slightimperfectservers.erichmond33.repl.co,https://slightimperfectservers.erichmond33.repl.co,https://repl.it,https://slightimperfectservers.erichmond33.repl.co,https://slightimperfectservers.erichmond33.repl.co,https://slightimperfectservers.erichmond33.repl.co,https://repl.it,https://slightimperfectservers.erichmond33.repl.co,16:53:53,16:53:24,16:53:20,16:52:54,16:52:35,16:52:20,16:51:58,16:51:52,16:51:29,16:51:13
https://repl.it,35.8423,-90.7043,0,0,0,0,192.168.0.17,16:55:30,https://repl.it,https://slightimperfectservers.erichmond33.repl.co,https://slightimperfectservers.erichmond33.repl.co,https://slightimperfectservers.erichmond33.repl.co,https://slightimperfectservers.erichmond33.repl.co,https://slightimperfectservers.erichmond33.repl.co,https://slightimperfectservers.erichmond33.repl.co,https://slightimperfectservers.erichmond33.repl.co,https://slightimperfectservers.erichmond33.repl.co,https://slightimperfectservers.erichmond33.repl.co,16:55:28,16:55:05,16:54:57,16:54:54,16:54:51,16:54:09,16:54:04,16:53:56,16:53:53,16:53:24
https://slightimperfectservers.erichmond33.repl.co,35.8423,-90.7043,0,0,0,0,192.168.0.17,16:56:18,https://slightimperfectservers.erichmond33.repl.co,https://slightimperfectservers.erichmond33.repl.co,https://repl.it,https://repl.it,https://slightimperfectservers.erichmond33.repl.co,https://slightimperfectservers.erichmond33.repl.co,https://repl.it,https://repl.it,https://slightimperfectservers.erichmond33.repl.co,https://slightimperfectservers.erichmond33.repl.co,16:56:18,16:56:16,16:56:08,16:56:03,16:55:59,16:55:55,16:55:30,16:55:28,16:55:05,16:54:57
https://repl.it,35.8423,-90.7043,0,0,0,0,192.168.0.17,16:59:16,https://repl.it,https://elis-blog.erichmond33.repl.co,https://slightimperfectservers.erichmond33.repl.co,https://slightimperfectservers.erichmond33.repl.co,https://slightimperfectservers.erichmond33.repl.co,https://slightimperfectservers.erichmond33.repl.co,https://slightimperfectservers.erichmond33.repl.co,https://repl.it,https://repl.it,https://slightimperfectservers.erichmond33.repl.co,16:59:14,16:58:56,16:58:32,16:57:33,16:56:18,16:56:18,16:56:16,16:56:08,16:56:03,16:55:59
https://slightimperfectservers.erichmond33.repl.co,35.8423,-90.7043,0,0,0,0,192.168.0.17,17:04:01,https://repl.it,https://elis-blog.erichmond33.repl.co,https://slightimperfectservers.erichmond33.repl.co,https://slightimperfectservers.erichmond33.repl.co,https://slightimperfectservers.erichmond33.repl.co,https://slightimperfectservers.erichmond33.repl.co,https://repl.it,https://slightimperfectservers.erichmond33.repl.co,https://repl.it,https://elis-blog.erichmond33.repl.co,17:03:38,17:03:00,17:02:58,17:02:47,17:02:45,17:02:38,17:02:33,17:02:29,17:02:20,17:02:07
https://elis-blog.erichmond33.repl.co,35.8423,-90.7043,0,0,0,0,192.168.0.17,17:06:36,https://elis-blog.erichmond33.repl.co,https://slightimperfectservers.erichmond33.repl.co,https://repl.it,https://elis-blog.erichmond33.repl.co,https://slightimperfectservers.erichmond33.repl.co,https://slightimperfectservers.erichmond33.repl.co,https://slightimperfectservers.erichmond33.repl.co,https://slightimperfectservers.erichmond33.repl.co,https://repl.it,https://slightimperfectservers.erichmond33.repl.co,17:06:16,17:04:01,17:03:38,17:03:00,17:02:58,17:02:47,17:02:45,17:02:38,17:02:33,17:02:29
https://repl.it,35.8423,-90.7043,0,0,0,0,192.168.0.17,17:08:21,https://repl.it,https://repl.it,https://repl.it,https://elis-blog.erichmond33.repl.co,https://elis-blog.erichmond33.repl.co,https://elis-blog.erichmond33.repl.co,https://slightimperfectservers.erichmond33.repl.co,https://repl.it,https://elis-blog.erichmond33.repl.co,https://slightimperfectservers.erichmond33.repl.co,17:08:19,17:08:13,17:08:12,17:08:01,17:06:36,17:06:16,17:04:01,17:03:38,17:03:00,17:02:58
https://elis-blog.erichmond33.repl.co,35.8423,-90.7043,0,0,0,0,192.168.0.17,17:09:25,https://elis-blog.erichmond33.repl.co,https://repl.it,https://repl.it,https://repl.it,https://repl.it,https://elis-blog.erichmond33.repl.co,https://elis-blog.erichmond33.repl.co,https://elis-blog.erichmond33.repl.co,https://slightimperfectservers.erichmond33.repl.co,https://repl.it,17:09:16,17:08:21,17:08:19,17:08:13,17:08:12,17:08:01,17:06:36,17:06:16,17:04:01,17:03:38
https://slightimperfectservers.erichmond33.repl.co,35.8423,-90.7043,0,0,0,0,192.168.0.17,17:10:48,https://elis-blog.erichmond33.repl.co,https://elis-blog.erichmond33.repl.co,https://elis-blog.erichmond33.repl.co,https://elis-blog.erichmond33.repl.co,https://elis-blog.erichmond33.repl.co,https://repl.it,https://repl.it,https://repl.it,https://repl.it,https://elis-blog.erichmond33.repl.co,17:10:41,17:10:29,17:09:29,17:09:25,17:09:16,17:08:21,17:08:19,17:08:13,17:08:12,17:08:01
https://elis-blog.erichmond33.repl.co,35.8423,-90.7043,0,0,0,0,192.168.0.17,17:11:11,https://slightimperfectservers.erichmond33.repl.co,https://elis-blog.erichmond33.repl.co,https://elis-blog.erichmond33.repl.co,https://elis-blog.erichmond33.repl.co,https://elis-blog.erichmond33.repl.co,https://elis-blog.erichmond33.repl.co,https://repl.it,https://repl.it,https://repl.it,https://repl.it,17:10:48,17:10:41,17:10:29,17:09:29,17:09:25,17:09:16,17:08:21,17:08:19,17:08:13,17:08:12
https://repl.it,35.8423,-90.7043,0,0,0,0,192.168.0.17,17:20:33,https://elis-blog.erichmond33.repl.co,https://elis-blog.erichmond33.repl.co,https://elis-blog.erichmond33.repl.co,https://elis-blog.erichmond33.repl.co,https://elis-blog.erichmond33.repl.co,https://elis-blog.erichmond33.repl.co,https://elis-blog.erichmond33.repl.co,https://elis-blog.erichmond33.repl.co,https://elis-blog.erichmond33.repl.co,https://elis-blog.erichmond33.repl.co,17:19:44,17:19:39,17:19:26,17:17:47,17:17:24,17:16:29,17:15:54,17:15:34,17:15:00,17:14:31
https://elis-blog.erichmond33.repl.co,35.8423,-90.7043,0,0,0,0,192.168.0.17,17:24:16,https://elis-blog.erichmond33.repl.co,https://elis-blog.erichmond33.repl.co,https://elis-blog.erichmond33.repl.co,https://elis-blog.erichmond33.repl.co,https://repl.it,https://repl.it,https://repl.it,https://repl.it,https://elis-blog.erichmond33.repl.co,https://elis-blog.erichmond33.repl.co,17:24:11,17:24:09,17:24:07,17:24:04,17:23:53,17:23:49,17:23:23,17:23:19,17:23:04,17:23:02
https://www.w3schools.com,35.8423,-90.7043,0,0,0,0,192.168.0.17,17:28:37,https://www.google.com,https://elis-blog.erichmond33.repl.co,https://repl.it,https://elis-blog.erichmond33.repl.co,https://elis-blog.erichmond33.repl.co,https://elis-blog.erichmond33.repl.co,https://elis-blog.erichmond33.repl.co,https://elis-blog.erichmond33.repl.co,https://elis-blog.erichmond33.repl.co,https://elis-blog.erichmond33.repl.co,17:28:35,17:28:20,17:28:00,17:26:27,17:25:19,17:25:01,17:24:16,17:24:11,17:24:09,17:24:07
https://elis-blog.erichmond33.repl.co,35.8423,-90.7043,0,0,0,0,192.168.0.17,17:29:05,https://www.w3schools.com,https://www.google.com,https://elis-blog.erichmond33.repl.co,https://repl.it,https://elis-blog.erichmond33.repl.co,https://elis-blog.erichmond33.repl.co,https://elis-blog.erichmond33.repl.co,https://elis-blog.erichmond33.repl.co,https://elis-blog.erichmond33.repl.co,https://elis-blog.erichmond33.repl.co,17:28:37,17:28:35,17:28:20,17:28:00,17:26:27,17:25:19,17:25:01,17:24:16,17:24:11,17:24:09
https://repl.it,35.8423,-90.7043,0,0,0,0,192.168.0.17,17:33:33,https://elis-blog.erichmond33.repl.co,https://elis-blog.erichmond33.repl.co,https://elis-blog.erichmond33.repl.co,https://elis-blog.erichmond33.repl.co,https://elis-blog.erichmond33.repl.co,https://www.w3schools.com,https://www.google.com,https://elis-blog.erichmond33.repl.co,https://repl.it,https://elis-blog.erichmond33.repl.co,17:33:24,17:30:46,17:30:07,17:29:54,17:29:05,17:28:37,17:28:35,17:28:20,17:28:00,17:26:27
https://elis-blog.erichmond33.repl.co,35.8423,-90.7043,0,0,0,0,192.168.0.17,17:34:27,https://repl.it,https://repl.it,https://elis-blog.erichmond33.repl.co,https://elis-blog.erichmond33.repl.co,https://elis-blog.erichmond33.repl.co,https://elis-blog.erichmond33.repl.co,https://elis-blog.erichmond33.repl.co,https://www.w3schools.com,https://www.google.com,https://elis-blog.erichmond33.repl.co,17:34:11,17:33:33,17:33:24,17:30:46,17:30:07,17:29:54,17:29:05,17:28:37,17:28:35,17:28:20
https://learning.edx.org,35.8423,-90.7043,0,0,0,0,192.168.0.17,17:51:20,https://courses.edx.org,https://courses.edx.org,https://learning.edx.org,https://courses.edx.org,https://elis-blog.erichmond33.repl.co,https://repl.it,https://repl.it,https://elis-blog.erichmond33.repl.co,https://elis-blog.erichmond33.repl.co,https://elis-blog.erichmond33.repl.co,17:51:18,17:51:18,17:51:18,17:51:04,17:34:27,17:34:11,17:33:33,17:33:24,17:30:46,17:30:07
https://www.coursera.org,35.8423,-90.7043,0,0,0,0,192.168.0.17,21:13:17,https://www.coursera.org,https://www.coursera.org,https://learning.edx.org,https://learning.edx.org,https://courses.edx.org,https://courses.edx.org,https://courses.edx.org,https://elis-blog.erichmond33.repl.co,https://repl.it,https://repl.it,21:13:06,21:12:54,17:51:20,17:51:18,17:51:18,17:51:18,17:51:04,17:34:27,17:34:11,17:33:33
https://stackoverflow.com,35.8423,-90.7043,0,0,0,0,192.168.0.17,21:38:29,https://www.google.com,https://www.google.com,https://www.google.com,https://www.coursera.org,https://www.coursera.org,https://www.coursera.org,https://www.coursera.org,https://www.coursera.org,https://www.coursera.org,https://www.coursera.org,21:38:22,21:38:21,21:37:53,21:35:37,21:23:58,21:23:52,21:23:51,21:23:49,21:13:17,21:13:06
https://www.coursera.org,35.8423,-90.7043,0,0,0,0,192.168.0.17,21:45:41,https://stackoverflow.com,https://www.google.com,https://www.google.com,https://www.google.com,https://www.coursera.org,https://www.coursera.org,https://www.coursera.org,https://www.coursera.org,https://www.coursera.org,https://www.coursera.org,21:38:29,21:38:22,21:38:21,21:37:53,21:35:37,21:23:58,21:23:52,21:23:51,21:23:49,21:13:17
https://learning.edx.org,35.8423,-90.7043,0,0,0,0,192.168.0.17,22:20:19,https://courses.edx.org,https://courses.edx.org,https://learning.edx.org,https://courses.edx.org,https://www.coursera.org,https://www.coursera.org,https://www.coursera.org,https://stackoverflow.com,https://www.google.com,https://www.google.com,22:20:17,22:20:17,22:20:17,22:20:05,21:59:20,21:53:32,21:45:41,21:38:29,21:38:22,21:38:21
https://www.google.com,35.8423,-90.7043,0,0,0,0,192.168.0.17,22:54:51,https://www.google.com,https://www.google.com,https://www.google.com,https://elis-blog.erichmond33.repl.co,https://elis-blog.erichmond33.repl.co,https://www.google.com,https://www.google.com,https://www.google.com,https://www.google.com,https://www.google.com,22:54:50,22:54:49,22:54:46,22:54:18,22:53:48,22:53:29,22:53:03,22:53:01,22:52:56,22:52:54
https://elis-blog.erichmond33.repl.co,35.8423,-90.7043,0,0,0,0,192.168.0.17,22:55:34,https://www.google.com,https://www.google.com,https://www.google.com,https://www.google.com,https://www.google.com,https://www.google.com,https://elis-blog.erichmond33.repl.co,https://elis-blog.erichmond33.repl.co,https://www.google.com,https://www.google.com,22:55:06,22:55:04,22:54:51,22:54:50,22:54:49,22:54:46,22:54:18,22:53:48,22:53:29,22:53:03
https://www.google.com,35.8423,-90.7043,0,0,0,0,192.168.0.17,23:00:34,https://www.google.com,https://www.google.com,https://www.google.com,https://www.google.com,https://www.google.com,https://www.google.com,https://www.google.com,https://elis-blog.erichmond33.repl.co,https://elis-blog.erichmond33.repl.co,https://www.google.com,23:00:33,23:00:32,23:00:29,23:00:28,23:00:01,23:00:00,22:59:58,22:59:47,22:59:45,22:59:36
https://repl.it,35.8423,-90.7043,0,0,0,0,192.168.0.17,23:04:34,https://elis-blog.erichmond33.repl.co,https://www.youtube.com,https://repl.it,https://repl.it,https://www.google.com,https://repl.it,https://repl.it,https://repl.it,https://elis-blog.erichmond33.repl.co,https://elis-blog.erichmond33.repl.co,23:04:12,23:03:52,23:03:41,23:03:34,23:03:19,23:03:00,23:02:50,23:02:48,23:02:32,23:02:27
https://www.youtube.com,35.8423,-90.7043,0,0,0,0,192.168.0.17,23:05:51,https://www.google.com,https://www.google.com,https://www.google.com,https://www.google.com,https://www.google.com,https://repl.it,https://repl.it,https://elis-blog.erichmond33.repl.co,https://www.youtube.com,https://repl.it,23:05:44,23:05:43,23:05:30,23:05:29,23:05:11,23:05:09,23:04:34,23:04:12,23:03:52,23:03:41
https://repl.it,35.8423,-90.7043,0,0,0,0,192.168.0.17,23:09:44,https://repl.it,https://elis-blog.erichmond33.repl.co,https://elis-blog.erichmond33.repl.co,https://elis-blog.erichmond33.repl.co,https://elis-blog.erichmond33.repl.co,https://elis-blog.erichmond33.repl.co,https://elis-blog.erichmond33.repl.co,https://elis-blog.erichmond33.repl.co,https://elis-blog.erichmond33.repl.co,https://elis-blog.erichmond33.repl.co,23:09:41,23:09:27,23:09:26,23:09:25,23:09:24,23:09:21,23:09:19,23:09:16,23:09:00,23:08:58
https://elis-blog.erichmond33.repl.co,35.8423,-90.7043,0,0,0,0,192.168.0.17,23:14:47,https://elis-blog.erichmond33.repl.co,https://repl.it,https://repl.it,https://elis-blog.erichmond33.repl.co,https://repl.it,https://repl.it,https://repl.it,https://elis-blog.erichmond33.repl.co,https://elis-blog.erichmond33.repl.co,https://elis-blog.erichmond33.repl.co,23:14:26,23:14:07,23:13:58,23:13:51,23:13:41,23:13:39,23:13:33,23:13:25,23:13:24,23:13:23
https://www.brainyquote.com,35.8423,-90.7043,0,0,0,0,192.168.0.17,23:15:42,https://www.brainyquote.com,https://www.brainyquote.com,https://www.brainyquote.com,https://elis-blog.erichmond33.repl.co,https://elis-blog.erichmond33.repl.co,https://repl.it,https://repl.it,https://elis-blog.erichmond33.repl.co,https://repl.it,https://repl.it,23:15:27,23:15:07,23:14:58,23:14:47,23:14:26,23:14:07,23:13:58,23:13:51,23:13:41,23:13:39
https://elis-blog.erichmond33.repl.co,35.8423,-90.7043,0,0,0,0,192.168.0.17,23:25:43,https://elis-blog.erichmond33.repl.co,https://www.brainyquote.com,https://www.brainyquote.com,https://www.brainyquote.com,https://www.brainyquote.com,https://www.brainyquote.com,https://www.brainyquote.com,https://www.brainyquote.com,https://www.brainyquote.com,https://www.brainyquote.com,23:25:37,23:25:23,23:24:30,23:23:57,23:23:35,23:23:08,23:22:55,23:22:39,23:22:24,23:22:12
https://repl.it,35.8423,-90.7043,0,0,0,0,192.168.0.17,23:30:39,https://repl.it,https://repl.it,https://repl.it,https://repl.it,https://cs50.harvard.edu,https://cs50.harvard.edu,https://cs50.harvard.edu,https://cs50.harvard.edu,https://learning.edx.org,https://learning.edx.org,23:30:34,23:30:31,23:29:40,23:29:34,23:28:27,23:28:27,23:28:26,23:27:47,23:27:42,23:27:39
https://submit.cs50.io,35.8423,-90.7043,0,0,0,0,192.168.0.17,23:38:01,https://github.com,https://submit.cs50.io,https://submit.cs50.io,https://submit.cs50.io,https://cs50.harvard.edu,https://cs50.harvard.edu,https://cs50.harvard.edu,https://04f9f09c-c84b-43bc-b44b-dfb90589ff00-ide.cs50.xyz:8081,https://04f9f09c-c84b-43bc-b44b-dfb90589ff00-ide.cs50.xyz:8081,https://04f9f09c-c84b-43bc-b44b-dfb90589ff00-ide.cs50.xyz:8081,23:38:01,23:38:01,23:38:01,23:38:01,23:37:22,23:37:22,23:37:20,23:37:02,23:36:56,23:36:49
https://cs50.harvard.edu,35.8423,-90.7043,0,0,0,0,192.168.0.17,23:45:47,https://cs50.harvard.edu,https://cs50.harvard.edu,https://submit.cs50.io,https://submit.cs50.io,https://github.com,https://submit.cs50.io,https://submit.cs50.io,https://cs50.harvard.edu,https://cs50.harvard.edu,https://cs50.harvard.edu,23:43:43,23:43:43,23:38:01,23:38:01,23:38:01,23:38:01,23:38:01,23:37:22,23:37:22,23:37:20
https://repl.it,35.8423,-90.7043,0,0,1,0,192.168.0.17,08:44:43 ,https://repl.it,https://repl.it,https://repl.it,https://repl.it,https://cs50.harvard.edu,https://cs50.harvard.edu,https://cs50.harvard.edu,https://cs50.harvard.edu,https://cs50.harvard.edu,https://cs50.harvard.edu,08:44:41 ,08:44:32 ,08:44:27 ,08:44:27 ,23:47:58,23:47:46,23:47:46,23:47:31,23:45:47,23:43:43
https://cs50.harvard.edu,35.8423,-90.7043,0,0,1,0,192.168.0.17,09:34:29 ,https://cs50.harvard.edu,https://www.google.com,https://elis-blog.erichmond33.repl.co,https://elis-blog.erichmond33.repl.co,https://elis-blog.erichmond33.repl.co,https://elis-blog.erichmond33.repl.co,https://elis-blog.erichmond33.repl.co,https://www.google.com,https://www.google.com,https://www.google.com,09:34:29 ,09:34:24 ,09:33:56 ,09:33:50 ,09:33:48 ,09:33:44 ,09:33:32 ,09:32:04 ,09:32:03 ,09:31:57 
https://elis-blog.erichmond33.repl.co,35.8423,-90.7043,0,0,0,0,192.168.0.17,09:35:47 ,https://repl.it,https://elis-blog.erichmond33.repl.co,https://cs50.harvard.edu,https://cs50.harvard.edu,https://www.google.com,https://elis-blog.erichmond33.repl.co,https://elis-blog.erichmond33.repl.co,https://elis-blog.erichmond33.repl.co,https://elis-blog.erichmond33.repl.co,https://elis-blog.erichmond33.repl.co,09:35:29 ,09:35:10 ,09:34:29 ,09:34:29 ,09:34:24 ,09:33:56 ,09:33:50 ,09:33:48 ,09:33:44 ,09:33:32 
https://www.bankofamerica.com,35.8423,-90.7043,0,0,0,0,192.168.0.17,09:55:48 ,https://us-west-2.console.aws.amazon.com,https://us-west-2.signin.aws.amazon.com,https://us-west-2.console.aws.amazon.com,https://us-west-2.console.aws.amazon.com,https://signin.aws.amazon.com,https://us-west-2.console.aws.amazon.com,https://www.google.com,https://ide.cs50.io,https://ide.cs50.io,https://github.com,09:55:38 ,09:55:38 ,09:55:38 ,09:55:38 ,09:55:37 ,09:55:37 ,09:55:36 ,09:55:29 ,09:55:29 ,09:55:29 
https://04f9f09c-c84b-43bc-b44b-dfb90589ff00-ide.cs50.xyz:8081,35.8423,-90.7043,0,0,0,0,10.24.7.244,10:02:20 ,https://04f9f09c-c84b-43bc-b44b-dfb90589ff00-ide.cs50.xyz:8081,https://04f9f09c-c84b-43bc-b44b-dfb90589ff00-ide.cs50.xyz:8081,https://04f9f09c-c84b-43bc-b44b-dfb90589ff00-ide.cs50.xyz:8081,https://cs50.harvard.edu,https://cs50.harvard.edu,https://www.google.com,https://04f9f09c-c84b-43bc-b44b-dfb90589ff00-ide.cs50.xyz:8081,https://04f9f09c-c84b-43bc-b44b-dfb90589ff00-ide.cs50.xyz:8081,https://www.bankofamerica.com,https://us-west-2.console.aws.amazon.com,10:02:12 ,10:02:02 ,10:02:00 ,10:01:27 ,10:01:27 ,10:01:25 ,10:01:15 ,10:01:12 ,09:55:48 ,09:55:38 
https://mail.google.com,35.8423,-90.7043,0,0,0,0,10.24.7.244,11:13:39 ,https://mail.google.com,https://mail.google.com,https://mail.google.com,https://mail.google.com,https://mail.google.com,https://mail.google.com,https://mail.google.com,https://mail.google.com,https://mail.google.com,https://www.google.com,11:13:33 ,11:13:33 ,11:13:30 ,11:13:30 ,11:13:30 ,11:13:22 ,11:13:16 ,11:13:13 ,11:13:09 ,11:13:09 
https://apply.college.harvard.edu,35.8423,-90.7043,0,0,0,0,10.24.7.244,11:17:51 ,https://apply.college.harvard.edu,https://apply.college.harvard.edu,https://apply.college.harvard.edu,https://mx.technolutions.net,https://www.google.com,https://mail.google.com,https://mail.google.com,https://mail.google.com,https://mail.google.com,https://admission.stanford.edu,11:17:51 ,11:17:42 ,11:17:42 ,11:17:42 ,11:17:42 ,11:17:38 ,11:17:38 ,11:17:30 ,11:17:30 ,11:17:18 
https://www.google.com,35.8423,-90.7043,0,0,0,0,10.24.7.244,11:52:58 ,https://apply.college.harvard.edu,https://apply.college.harvard.edu,https://apply.college.harvard.edu,https://apply.college.harvard.edu,https://mx.technolutions.net,https://www.google.com,https://mail.google.com,https://mail.google.com,https://mail.google.com,https://mail.google.com,11:17:51 ,11:17:51 ,11:17:42 ,11:17:42 ,11:17:42 ,11:17:42 ,11:17:38 ,11:17:38 ,11:17:30 ,11:17:30 
http://www.astate.edu,35.8423,-90.7043,0,0,0,0,10.24.7.244,12:11:52 ,https://www.astate.edu,https://www.astate.edu,https://www.google.com,https://apply.college.harvard.edu,https://apply.college.harvard.edu,https://apply.college.harvard.edu,https://apply.college.harvard.edu,https://mx.technolutions.net,https://www.google.com,https://mail.google.com,12:11:04 ,12:10:30 ,11:52:58 ,11:17:51 ,11:17:51 ,11:17:42 ,11:17:42 ,11:17:42 ,11:17:42 ,11:17:38 
https://www.astate.edu,35.8423,-90.7043,0,0,0,0,10.24.7.244,12:14:19 ,http://www.astate.edu,http://www.astate.edu,https://www.astate.edu,https://www.astate.edu,https://www.google.com,https://apply.college.harvard.edu,https://apply.college.harvard.edu,https://apply.college.harvard.edu,https://apply.college.harvard.edu,https://mx.technolutions.net,12:13:03 ,12:11:52 ,12:11:04 ,12:10:30 ,11:52:58 ,11:17:51 ,11:17:51 ,11:17:42 ,11:17:42 ,11:17:42 
http://www.astate.edu,35.8423,-90.7043,0,0,0,0,10.24.7.244,12:16:43 ,http://www.astate.edu,http://www.astate.edu,http://www.astate.edu,https://www.astate.edu,http://www.astate.edu,http://www.astate.edu,https://www.astate.edu,https://www.astate.edu,https://www.google.com,https://apply.college.harvard.edu,12:16:43 ,12:16:25 ,12:15:39 ,12:14:19 ,12:13:03 ,12:11:52 ,12:11:04 ,12:10:30 ,11:52:58 ,11:17:51 
https://www.google.com,35.8423,-90.7043,0,0,0,0,10.24.7.244,12:24:53 ,https://www.google.com,https://www.astate.edu,http://www.astate.edu,http://www.astate.edu,http://www.astate.edu,http://www.astate.edu,http://www.astate.edu,http://www.astate.edu,http://www.astate.edu,http://www.astate.edu,12:23:28 ,12:23:28 ,12:22:46 ,12:21:53 ,12:21:30 ,12:21:07 ,12:21:07 ,12:19:34 ,12:19:30 ,12:19:30 
http://www.astate.edu,35.8423,-90.7043,0,0,0,0,10.24.7.244,12:26:22 ,https://www.google.com,https://www.abiresearch.com,https://www.abiresearch.com,https://www.google.com,https://www.google.com,https://www.astate.edu,http://www.astate.edu,http://www.astate.edu,http://www.astate.edu,http://www.astate.edu,12:26:18 ,12:25:32 ,12:25:13 ,12:24:53 ,12:23:28 ,12:23:28 ,12:22:46 ,12:21:53 ,12:21:30 ,12:21:07 
https://www.google.com,35.8423,-90.7043,0,0,0,0,10.24.7.244,12:27:45 ,http://www.astate.edu,https://www.google.com,https://www.abiresearch.com,https://www.abiresearch.com,https://www.google.com,https://www.google.com,https://www.astate.edu,http://www.astate.edu,http://www.astate.edu,http://www.astate.edu,12:26:22 ,12:26:18 ,12:25:32 ,12:25:13 ,12:24:53 ,12:23:28 ,12:23:28 ,12:22:46 ,12:21:53 ,12:21:30 
http://www.astate.edu,35.8423,-90.7043,0,0,0,0,10.24.7.244,12:29:57 ,http://www.astate.edu,http://www.astate.edu,http://www.astate.edu,http://www.astate.edu,http://www.astate.edu,http://www.astate.edu,http://www.astate.edu,http://www.astate.edu,http://www.astate.edu,https://www.google.com,12:29:57 ,12:29:54 ,12:29:54 ,12:29:49 ,12:29:49 ,12:28:59 ,12:28:59 ,12:28:56 ,12:28:07 ,12:27:45 
https://signin.aws.amazon.com,32.3254,-95.2922,0,0,0,0,192.168.0.17,16:45:09,https://us-west-2.console.aws.amazon.com,https://courses.edx.org,https://ide.cs50.io,https://github.com,https://ide.cs50.io,https://ide.cs50.io,https://ide.cs50.io,http://www.astate.edu,http://www.astate.edu,http://www.astate.edu,16:45:09,16:45:06,16:45:04,16:45:04,16:45:04,16:45:04,16:44:59,12:29:57 ,12:29:57 ,12:29:54 
https://cs50.harvard.edu,32.3254,-95.2922,0,0,0,0,192.168.0.17,16:46:11,https://cs50.harvard.edu,https://cs50.harvard.edu,https://learning.edx.org,https://courses.edx.org,https://courses.edx.org,https://learning.edx.org,https://us-west-2.console.aws.amazon.com,https://us-west-2.console.aws.amazon.com,https://us-west-2.signin.aws.amazon.com,https://us-west-2.console.aws.amazon.com,16:46:10,16:46:04,16:45:31,16:45:29,16:45:29,16:45:29,16:45:24,16:45:24,16:45:24,16:45:24
https://iexcloud.io,32.3254,-95.2922,0,0,0,0,192.168.0.17,16:59:34,https://iexcloud.io,https://iexcloud.io,https://cs50.harvard.edu,https://cs50.harvard.edu,https://cs50.harvard.edu,https://cs50.harvard.edu,https://cs50.harvard.edu,https://cs50.harvard.edu,https://cs50.harvard.edu,https://cs50.harvard.edu,16:58:48,16:58:20,16:57:15,16:57:15,16:57:14,16:55:59,16:55:59,16:55:58,16:55:51,16:55:51
https://04f9f09c-c84b-43bc-b44b-dfb90589ff00-ide.cs50.xyz:8082,32.3254,-95.2922,0,0,0,0,192.168.0.17,17:04:35,https://04f9f09c-c84b-43bc-b44b-dfb90589ff00-ide.cs50.xyz:8082,https://04f9f09c-c84b-43bc-b44b-dfb90589ff00-ide.cs50.xyz:8082,https://04f9f09c-c84b-43bc-b44b-dfb90589ff00-ide.cs50.xyz:8082,https://04f9f09c-c84b-43bc-b44b-dfb90589ff00-ide.cs50.xyz:8082,http://04f9f09c-c84b-43bc-b44b-dfb90589ff00-ide.cs50.xyz,http://04f9f09c-c84b-43bc-b44b-dfb90589ff00-ide.cs50.xyz,http://04f9f09c-c84b-43bc-b44b-dfb90589ff00-ide.cs50.xyz,http://04f9f09c-c84b-43bc-b44b-dfb90589ff00-ide.cs50.xyz,http://04f9f09c-c84b-43bc-b44b-dfb90589ff00-ide.cs50.xyz,http://04f9f09c-c84b-43bc-b44b-dfb90589ff00-ide.cs50.xyz,17:04:32,17:04:27,17:04:17,17:04:13,17:03:34,17:03:34,17:03:30,17:03:27,17:03:24,17:03:16
https://cs50.harvard.edu,32.3254,-95.2922,0,0,0,0,192.168.0.17,17:08:26,https://cs50.harvard.edu,https://www.google.com,https://04f9f09c-c84b-43bc-b44b-dfb90589ff00-ide.cs50.xyz:8082,https://04f9f09c-c84b-43bc-b44b-dfb90589ff00-ide.cs50.xyz:8082,https://04f9f09c-c84b-43bc-b44b-dfb90589ff00-ide.cs50.xyz:8082,https://04f9f09c-c84b-43bc-b44b-dfb90589ff00-ide.cs50.xyz:8082,https://04f9f09c-c84b-43bc-b44b-dfb90589ff00-ide.cs50.xyz:8082,https://04f9f09c-c84b-43bc-b44b-dfb90589ff00-ide.cs50.xyz:8082,https://04f9f09c-c84b-43bc-b44b-dfb90589ff00-ide.cs50.xyz:8082,https://04f9f09c-c84b-43bc-b44b-dfb90589ff00-ide.cs50.xyz:8082,17:08:26,17:08:05,17:07:15,17:07:15,17:05:14,17:05:11,17:05:06,17:05:02,17:04:35,17:04:32
https://04f9f09c-c84b-43bc-b44b-dfb90589ff00-ide.cs50.xyz:8082,32.3254,-95.2922,0,0,0,0,192.168.0.17,17:12:10,https://04f9f09c-c84b-43bc-b44b-dfb90589ff00-ide.cs50.xyz:8082,https://04f9f09c-c84b-43bc-b44b-dfb90589ff00-ide.cs50.xyz:8082,https://04f9f09c-c84b-43bc-b44b-dfb90589ff00-ide.cs50.xyz:8082,https://04f9f09c-c84b-43bc-b44b-dfb90589ff00-ide.cs50.xyz:8082,https://cs50.harvard.edu,https://cs50.harvard.edu,https://www.google.com,https://04f9f09c-c84b-43bc-b44b-dfb90589ff00-ide.cs50.xyz:8082,https://04f9f09c-c84b-43bc-b44b-dfb90589ff00-ide.cs50.xyz:8082,https://04f9f09c-c84b-43bc-b44b-dfb90589ff00-ide.cs50.xyz:8082,17:12:10,17:12:05,17:11:12,17:11:12,17:08:26,17:08:26,17:08:05,17:07:15,17:07:15,17:05:14
http://04f9f09c-c84b-43bc-b44b-dfb90589ff00-ide.cs50.xyz,32.3254,-95.2922,0,0,0,0,192.168.0.17,17:19:53,http://04f9f09c-c84b-43bc-b44b-dfb90589ff00-ide.cs50.xyz,https://cs50.harvard.edu,https://04f9f09c-c84b-43bc-b44b-dfb90589ff00-ide.cs50.xyz:8082,https://04f9f09c-c84b-43bc-b44b-dfb90589ff00-ide.cs50.xyz:8082,https://04f9f09c-c84b-43bc-b44b-dfb90589ff00-ide.cs50.xyz:8082,https://04f9f09c-c84b-43bc-b44b-dfb90589ff00-ide.cs50.xyz:8082,https://04f9f09c-c84b-43bc-b44b-dfb90589ff00-ide.cs50.xyz:8082,https://cs50.harvard.edu,https://cs50.harvard.edu,https://www.google.com,17:19:51,17:15:07,17:12:10,17:12:10,17:12:05,17:11:12,17:11:12,17:08:26,17:08:26,17:08:05
https://04f9f09c-c84b-43bc-b44b-dfb90589ff00-ide.cs50.xyz:8080,32.3254,-95.2922,0,0,0,0,192.168.0.17,17:23:58,http://04f9f09c-c84b-43bc-b44b-dfb90589ff00-ide.cs50.xyz,https://cs50.harvard.edu,https://cs50.harvard.edu,https://cs50.harvard.edu,http://04f9f09c-c84b-43bc-b44b-dfb90589ff00-ide.cs50.xyz,http://04f9f09c-c84b-43bc-b44b-dfb90589ff00-ide.cs50.xyz,https://cs50.harvard.edu,https://04f9f09c-c84b-43bc-b44b-dfb90589ff00-ide.cs50.xyz:8082,https://04f9f09c-c84b-43bc-b44b-dfb90589ff00-ide.cs50.xyz:8082,https://04f9f09c-c84b-43bc-b44b-dfb90589ff00-ide.cs50.xyz:8082,17:23:58,17:21:02,17:20:57,17:20:57,17:19:53,17:19:51,17:15:07,17:12:10,17:12:10,17:12:05
http://04f9f09c-c84b-43bc-b44b-dfb90589ff00-ide.cs50.xyz,32.3254,-95.2922,0,0,0,0,192.168.0.17,17:28:40,https://04f9f09c-c84b-43bc-b44b-dfb90589ff00-ide.cs50.xyz:8080,http://04f9f09c-c84b-43bc-b44b-dfb90589ff00-ide.cs50.xyz,https://04f9f09c-c84b-43bc-b44b-dfb90589ff00-ide.cs50.xyz:8080,http://04f9f09c-c84b-43bc-b44b-dfb90589ff00-ide.cs50.xyz,https://cs50.harvard.edu,https://cs50.harvard.edu,https://cs50.harvard.edu,http://04f9f09c-c84b-43bc-b44b-dfb90589ff00-ide.cs50.xyz,http://04f9f09c-c84b-43bc-b44b-dfb90589ff00-ide.cs50.xyz,https://cs50.harvard.edu,17:28:36,17:28:36,17:23:58,17:23:58,17:21:02,17:20:57,17:20:57,17:19:53,17:19:51,17:15:07
https://cs50.harvard.edu,32.3254,-95.2922,0,0,0,0,192.168.0.17,18:05:07,http://04f9f09c-c84b-43bc-b44b-dfb90589ff00-ide.cs50.xyz,http://04f9f09c-c84b-43bc-b44b-dfb90589ff00-ide.cs50.xyz,http://04f9f09c-c84b-43bc-b44b-dfb90589ff00-ide.cs50.xyz,http://04f9f09c-c84b-43bc-b44b-dfb90589ff00-ide.cs50.xyz,http://04f9f09c-c84b-43bc-b44b-dfb90589ff00-ide.cs50.xyz,http://04f9f09c-c84b-43bc-b44b-dfb90589ff00-ide.cs50.xyz,http://04f9f09c-c84b-43bc-b44b-dfb90589ff00-ide.cs50.xyz,http://04f9f09c-c84b-43bc-b44b-dfb90589ff00-ide.cs50.xyz,http://04f9f09c-c84b-43bc-b44b-dfb90589ff00-ide.cs50.xyz,http://04f9f09c-c84b-43bc-b44b-dfb90589ff00-ide.cs50.xyz,18:03:32,18:03:32,18:03:32,18:03:24,18:03:18,18:03:09,18:01:10,18:01:06,17:59:50,17:56:42
http://04f9f09c-c84b-43bc-b44b-dfb90589ff00-ide.cs50.xyz,32.3254,-95.2922,0,0,0,0,192.168.0.17,18:14:51,http://04f9f09c-c84b-43bc-b44b-dfb90589ff00-ide.cs50.xyz,http://04f9f09c-c84b-43bc-b44b-dfb90589ff00-ide.cs50.xyz,http://04f9f09c-c84b-43bc-b44b-dfb90589ff00-ide.cs50.xyz,http://04f9f09c-c84b-43bc-b44b-dfb90589ff00-ide.cs50.xyz,http://04f9f09c-c84b-43bc-b44b-dfb90589ff00-ide.cs50.xyz,https://04f9f09c-c84b-43bc-b44b-dfb90589ff00-ide.cs50.xyz:8080,http://04f9f09c-c84b-43bc-b44b-dfb90589ff00-ide.cs50.xyz,http://04f9f09c-c84b-43bc-b44b-dfb90589ff00-ide.cs50.xyz,http://04f9f09c-c84b-43bc-b44b-dfb90589ff00-ide.cs50.xyz,http://04f9f09c-c84b-43bc-b44b-dfb90589ff00-ide.cs50.xyz,18:14:36,18:14:18,18:14:18,18:14:18,18:14:05,18:14:02,18:14:02,18:13:42,18:13:41,18:12:59
https://www.geeksforgeeks.org,32.3254,-95.2922,0,0,0,0,192.168.0.17,18:24:43,https://www.google.com,https://www.google.com,https://www.google.com,http://04f9f09c-c84b-43bc-b44b-dfb90589ff00-ide.cs50.xyz,http://04f9f09c-c84b-43bc-b44b-dfb90589ff00-ide.cs50.xyz,http://04f9f09c-c84b-43bc-b44b-dfb90589ff00-ide.cs50.xyz,http://04f9f09c-c84b-43bc-b44b-dfb90589ff00-ide.cs50.xyz,http://04f9f09c-c84b-43bc-b44b-dfb90589ff00-ide.cs50.xyz,http://04f9f09c-c84b-43bc-b44b-dfb90589ff00-ide.cs50.xyz,http://04f9f09c-c84b-43bc-b44b-dfb90589ff00-ide.cs50.xyz,18:24:41,18:24:40,18:24:28,18:22:25,18:22:15,18:16:26,18:16:17,18:16:02,18:15:54,18:15:42
http://04f9f09c-c84b-43bc-b44b-dfb90589ff00-ide.cs50.xyz,32.3254,-95.2922,0,0,0,0,192.168.0.17,18:29:40,http://04f9f09c-c84b-43bc-b44b-dfb90589ff00-ide.cs50.xyz,http://04f9f09c-c84b-43bc-b44b-dfb90589ff00-ide.cs50.xyz,http://04f9f09c-c84b-43bc-b44b-dfb90589ff00-ide.cs50.xyz,http://04f9f09c-c84b-43bc-b44b-dfb90589ff00-ide.cs50.xyz,http://04f9f09c-c84b-43bc-b44b-dfb90589ff00-ide.cs50.xyz,http://04f9f09c-c84b-43bc-b44b-dfb90589ff00-ide.cs50.xyz,http://04f9f09c-c84b-43bc-b44b-dfb90589ff00-ide.cs50.xyz,http://04f9f09c-c84b-43bc-b44b-dfb90589ff00-ide.cs50.xyz,http://04f9f09c-c84b-43bc-b44b-dfb90589ff00-ide.cs50.xyz,http://04f9f09c-c84b-43bc-b44b-dfb90589ff00-ide.cs50.xyz,18:29:40,18:29:40,18:29:30,18:28:46,18:28:46,18:28:46,18:28:38,18:28:37,18:27:55,18:27:52
https://admission.stanford.edu,32.3254,-95.2922,0,0,0,0,192.168.0.17,18:37:48,https://admission.stanford.edu,https://apply.stanford.edu,https://apply.stanford.edu,https://apply.stanford.edu,https://apply.stanford.edu,https://apply.stanford.edu,https://apply.stanford.edu,https://apply.stanford.edu,https://apply.stanford.edu,https://mx.technolutions.net,18:37:48,18:37:04,18:37:04,18:36:58,18:36:58,18:36:42,18:36:42,18:36:42,18:36:42,18:36:42
https://www.codeproject.com,32.3254,-95.2922,0,0,0,0,192.168.0.17,18:44:49,https://www.google.com,https://stackoverflow.com,https://www.google.com,https://www.google.com,https://www.google.com,https://www.google.com,https://www.google.com,https://www.programiz.com,https://www.google.com,https://stackoverflow.com,18:44:45,18:44:09,18:44:08,18:44:07,18:43:47,18:43:07,18:42:43,18:42:38,18:42:33,18:41:47
http://04f9f09c-c84b-43bc-b44b-dfb90589ff00-ide.cs50.xyz,32.3254,-95.2922,0,0,0,0,192.168.0.17,18:49:33,http://04f9f09c-c84b-43bc-b44b-dfb90589ff00-ide.cs50.xyz,http://04f9f09c-c84b-43bc-b44b-dfb90589ff00-ide.cs50.xyz,http://04f9f09c-c84b-43bc-b44b-dfb90589ff00-ide.cs50.xyz,http://04f9f09c-c84b-43bc-b44b-dfb90589ff00-ide.cs50.xyz,http://04f9f09c-c84b-43bc-b44b-dfb90589ff00-ide.cs50.xyz,http://04f9f09c-c84b-43bc-b44b-dfb90589ff00-ide.cs50.xyz,http://04f9f09c-c84b-43bc-b44b-dfb90589ff00-ide.cs50.xyz,http://04f9f09c-c84b-43bc-b44b-dfb90589ff00-ide.cs50.xyz,http://04f9f09c-c84b-43bc-b44b-dfb90589ff00-ide.cs50.xyz,https://www.webmasterworld.com,18:49:33,18:49:33,18:49:25,18:49:09,18:49:09,18:49:09,18:48:57,18:48:55,18:48:53,18:45:56
https://04f9f09c-c84b-43bc-b44b-dfb90589ff00-ide.cs50.xyz:8082,32.3254,-95.2922,0,0,0,0,192.168.0.17,18:55:03,http://04f9f09c-c84b-43bc-b44b-dfb90589ff00-ide.cs50.xyz,http://04f9f09c-c84b-43bc-b44b-dfb90589ff00-ide.cs50.xyz,http://04f9f09c-c84b-43bc-b44b-dfb90589ff00-ide.cs50.xyz,http://04f9f09c-c84b-43bc-b44b-dfb90589ff00-ide.cs50.xyz,http://04f9f09c-c84b-43bc-b44b-dfb90589ff00-ide.cs50.xyz,http://04f9f09c-c84b-43bc-b44b-dfb90589ff00-ide.cs50.xyz,http://04f9f09c-c84b-43bc-b44b-dfb90589ff00-ide.cs50.xyz,http://04f9f09c-c84b-43bc-b44b-dfb90589ff00-ide.cs50.xyz,http://04f9f09c-c84b-43bc-b44b-dfb90589ff00-ide.cs50.xyz,http://04f9f09c-c84b-43bc-b44b-dfb90589ff00-ide.cs50.xyz,18:54:58,18:54:56,18:54:47,18:54:44,18:54:44,18:54:44,18:54:21,18:54:18,18:54:13,18:54:11
https://www.coursera.org,32.3254,-95.2922,0,0,0,0,192.168.0.17,21:24:19,https://www.coursera.org,https://www.coursera.org,http://04f9f09c-c84b-43bc-b44b-dfb90589ff00-ide.cs50.xyz,http://04f9f09c-c84b-43bc-b44b-dfb90589ff00-ide.cs50.xyz,http://04f9f09c-c84b-43bc-b44b-dfb90589ff00-ide.cs50.xyz,http://04f9f09c-c84b-43bc-b44b-dfb90589ff00-ide.cs50.xyz,https://04f9f09c-c84b-43bc-b44b-dfb90589ff00-ide.cs50.xyz:8082,http://04f9f09c-c84b-43bc-b44b-dfb90589ff00-ide.cs50.xyz,http://04f9f09c-c84b-43bc-b44b-dfb90589ff00-ide.cs50.xyz,http://04f9f09c-c84b-43bc-b44b-dfb90589ff00-ide.cs50.xyz,21:23:58,21:23:20,18:55:43,18:55:43,18:55:37,18:55:33,18:55:03,18:54:58,18:54:56,18:54:47
